Name,CenterX,CenterY,CenterZ,Status,ObservabilityScore
Target_1,-108.27146163071666,8.318112945740836,126.0353918418454,inactif,81.58435263619164
Target_2,161.2580687874539,-270.9639325582044,185.12519118050207,actif,96.16607192678512
Target_3,372.8560657367559,21.4123668178064,39.235946419459886,inactif,76.20352429202927
Target_4,-73.05466232707857,-312.58970430893896,139.71548657200245,actif,73.47513990029191
Target_5,372.5147327660309,480.07307740563886,169.11990397296816,actif,10.374160559489987
