Name,CenterX,CenterY,CenterZ,Status,ObservabilityScore
Target_1,-28.895892582730084,71.61894978874532,123.93307403719992,actif,95.03426860132894
Target_2,-45.08524238928941,7.129351080747983,113.21012959922127,inactif,39.38334005768491
Target_3,96.69336674981242,-115.58784986613697,70.6528947598359,actif,59.59425685392633
Target_4,124.08008361622282,48.69847625134702,122.53375577605305,inactif,71.69467614825435
