Name,CenterX,CenterY,CenterZ,Status,ObservabilityScore
Target_1,-99.74522089760249,-23.696124437180204,106.12012828274535,actif,91.6243981481167
Target_2,10.991235187287531,-125.12001585087799,102.30122830221644,inactif,78.43369032107189
Target_3,-116.76295725504326,42.59654275618153,118.33625365043845,actif,56.01551268409353
