Name,CenterX,CenterY,CenterZ,Status,ObservabilityScore
Target_1,-150,0,75,actif,81.58435263619164
Target_2,100,100,111,actif,96.16607192678512
Target_3,-100,-100,100,actif,96.16607192678512
