Name,CenterX,CenterY,CenterZ,Status,ObservabilityScore
Target_1,53.13047223373934,-79.35430506233122,93.15076656729842,actif,84.03772298460168
Target_2,-138.38993854232933,-45.026080506794895,113.76185827408513,inactif,55.55792005507372
Target_3,94.34242398197444,39.80013437525876,78.28312593158216,actif,96.75754421335847
Target_4,-63.20468799810501,137.42483055295457,106.24901347657693,inactif,60.33401769874956
